{"mcp_pt": [[182.69946973926042], [51.71140960764998], [458.1901859394332], [384.708264593459], [491.9707754768098], [412.5321396045533], [22.790129659042123], [61.0080570835751]], "mcp_eta": [[1.502549658480039], [1.070562097327974], [1.367381982820811], [1.3622168262438927], [-0.334551502361025], [0.01693970111525575], [-0.6864944665697238], [0.18743448417940575]], "mcp_phi": [[0.705090598090892], [0.568069224853056], [-2.5753048273334733], [-2.5596607864815537], [0.46356754780270765], [-1.3840749906075904], [2.3648375264742416], [2.29382103519962]], "mcp_theta": [[0.4379853817485466], [0.6605206621084877], [0.4989318222201133], [0.501408897500134], [1.899276205806422], [1.5538574357725403], [2.2089646534350313], [1.384449782379583]], "pfo_pt": [[2.279571337104079], [51.8380908168756], [0.4452275111106354], [386.44904237949265], [490.35577492083456], [412.2239981673012], [22.830413138798516], [60.98925864162472]], "pfo_eta": [[1.5024566835128514], [1.0704762671098107], [1.3322011261327653], [1.3621869313847481], [-0.334527155265861], [0.016942792977804003], [-0.6865372886552611], [0.18742702094218947]], "pfo_phi": [[0.7105780136452547], [0.5680600606457235], [-2.5164163853540145], [-2.5596368132197598], [0.4635587395108545], [-1.3840708715339252], [2.3648939360205206], [2.2938072357102315]], "pfo_theta": [], "pfo_mu_pt": [[], [51.8380908168756], [], [386.44904237949265], [490.35577492083456], [412.2239981673012], [22.830413138798516], [60.98925864162472]], "pfo_mu_eta": [[], [1.0704762671098107], [], [1.3621869313847481], [-0.334527155265861], [0.016942792977804003], [-0.6865372886552611], [0.18742702094218947]], "pfo_mu_phi": [[], [0.5680600606457235], [], [-2.5596368132197598], [0.4635587395108545], [-1.3840708715339252], [2.3648939360205206], [2.2938072357102315]], "mcp_mu_pt": [[182.69946973926042], [51.71140960764998], [458.1901859394332], [384.708264593459], [491.9707754768098], [412.5321396045533], [22.790129659042123], [61.0080570835751]], "mcp_mu_eta": [[1.502549658480039], [1.070562097327974], [1.367381982820811], [1.3622168262438927], [-0.334551502361025], [0.01693970111525575], [-0.6864944665697238], [0.18743448417940575]], "mcp_mu_theta": [[0.4379853817485466], [0.6605206621084877], [0.4989318222201133], [0.501408897500134], [1.899276205806422], [1.5538574357725403], [2.2089646534350313], [1.384449782379583]], "mcp_mu_phi": [[0.705090598090892], [0.568069224853056], [-2.5753048273334733], [-2.5596607864815537], [0.46356754780270765], [-1.3840749906075904], [2.3648375264742416], [2.29382103519962]], "mcp_mu_match_pt": [[], [51.71140960764998], [458.1901859394332], [384.708264593459], [491.9707754768098], [412.5321396045533], [22.790129659042123], [61.0080570835751]], "mcp_mu_match_eta": [[], [1.070562097327974], [1.367381982820811], [1.3622168262438927], [-0.334551502361025], [0.01693970111525575], [-0.6864944665697238], [0.18743448417940575]], "mcp_mu_match_phi": [[], [0.568069224853056], [-2.5753048273334733], [-2.5596607864815537], [0.46356754780270765], [-1.3840749906075904], [2.3648375264742416], [2.29382103519962]], "mcp_mu_match_theta": [[], [0.6605206621084877], [0.4989318222201133], [0.501408897500134], [1.899276205806422], [1.5538574357725403], [2.2089646534350313], [1.384449782379583]], "d_mu_dpt": [[], [0.126681209225616], [-6.875161588090862], [1.740777786033675], [-1.6150005559752572], [-0.30814143725211807], [0.04028347975639335], [-0.018798441950380607]], "d_mu_drelpt": [[], [0.0024497728873914756], [-0.015005038953408899], [0.004524929527763706], [-0.003282716446744272], [-0.000746951346742335], [0.0017675844920176061], [-0.00030813048061223403]], "d_mu_dphi": [[], [-9.16420733254597e-06], [1.0215416814673972e-06], [2.3973261793930334e-05], [-8.80829185312404e-06], [4.119073665265205e-06], [5.640954627894601e-05], [-1.3799489388510722e-05]], "d_mu_deta": [[], [-8.583021816321867e-05], [1.2067935007520347e-05], [-2.989485914461909e-05], [2.4347095163967936e-05], [3.091862548251778e-06], [-4.282208553729738e-05], [-7.463237216287499e-06]], "d0_res": [[-0.02276652120053768], [0.0020877565257251263], [0.0025472380220890045], [0.0010410031536594033], [0.003352832281962037], [0.003029044484719634], [-0.0006924031767994165], [0.0005586394108831882]], "z0_res": [[-0.004477542359381914], [0.008285518735647202], [-0.003930812701582909], [0.00043456946150399745], [-0.0016665059374645352], [-0.0003233246097806841], [0.004943262320011854], [-0.0010408259695395827]], "nhits": [[8], [12], [13], [17], [14], [17], [14], [16]], "pt_res_hits": [], "d0_res_vs_pt": [[[182.69946973926042, -0.02276652120053768]], [[51.71140960764998, 0.0020877565257251263]], [[458.1901859394332, 0.0025472380220890045]], [[384.708264593459, 0.0010410031536594033]], [[491.9707754768098, 0.003352832281962037]], [[412.5321396045533, 0.003029044484719634]], [[22.790129659042123, -0.0006924031767994165]], [[61.0080570835751, 0.0005586394108831882]]], "d0_res_vs_eta": [[[1.502549658480039, -0.02276652120053768]], [[1.070562097327974, 0.0020877565257251263]], [[1.367381982820811, 0.0025472380220890045]], [[1.3622168262438927, 0.0010410031536594033]], [[-0.334551502361025, 0.003352832281962037]], [[0.01693970111525575, 0.003029044484719634]], [[-0.6864944665697238, -0.0006924031767994165]], [[0.18743448417940575, 0.0005586394108831882]]], "z0_res_vs_pt": [[[182.69946973926042, -0.004477542359381914]], [[51.71140960764998, 0.008285518735647202]], [[458.1901859394332, -0.003930812701582909]], [[384.708264593459, 0.00043456946150399745]], [[491.9707754768098, -0.0016665059374645352]], [[412.5321396045533, -0.0003233246097806841]], [[22.790129659042123, 0.004943262320011854]], [[61.0080570835751, -0.0010408259695395827]]], "z0_res_vs_eta": [[[1.502549658480039, -0.004477542359381914]], [[1.070562097327974, 0.008285518735647202]], [[1.367381982820811, -0.003930812701582909]], [[1.3622168262438927, 0.00043456946150399745]], [[-0.334551502361025, -0.0016665059374645352]], [[0.01693970111525575, -0.0003233246097806841]], [[-0.6864944665697238, 0.004943262320011854]], [[0.18743448417940575, -0.0010408259695395827]]], "pt_res_vs_eta": [[[1.502549658480039, -0.13887290039107916]], [[1.070562097327974, 0.000254636211992815]], [[1.367381982820811, 0.016635241998323926]], [[1.3622168262438927, -0.0014352053228352496]], [[-0.334551502361025, 0.006564071518592689]], [[0.01693970111525575, 0.00396443119041676]], [[-0.6864944665697238, 0.0006687829061486919]], [[0.18743448417940575, 0.0026343890990348853]]], "pt_res_vs_pt": [[[182.69946973926042, -0.13887290039107916]], [[51.71140960764998, 0.000254636211992815]], [[458.1901859394332, 0.016635241998323926]], [[384.708264593459, -0.0014352053228352496]], [[491.9707754768098, 0.006564071518592689]], [[412.5321396045533, 0.00396443119041676]], [[22.790129659042123, 0.0006687829061486919]], [[61.0080570835751, 0.0026343890990348853]]], "pt_res": [[-0.13887290039107916], [0.000254636211992815], [0.016635241998323926], [-0.0014352053228352496], [0.006564071518592689], [0.00396443119041676], [0.0006687829061486919], [0.0026343890990348853]], "pt_match": [[182.69946973926042], [51.71140960764998], [458.1901859394332], [384.708264593459], [491.9707754768098], [412.5321396045533], [22.790129659042123], [61.0080570835751]], "nhits_match": [[[[8], [12], [13], [17], [14], [17], [14], [16]]], [[[8], [12], [13], [17], [14], [17], [14], [16]]], [[[8], [12], [13], [17], [14], [17], [14], [16]]], [[[8], [12], [13], [17], [14], [17], [14], [16]]], [[[8], [12], [13], [17], [14], [17], [14], [16]]], [[[8], [12], [13], [17], [14], [17], [14], [16]]], [[[8], [12], [13], [17], [14], [17], [14], [16]]], [[[8], [12], [13], [17], [14], [17], [14], [16]]]], "ndf_match": [[16], [24], [26], [34], [28], [34], [28], [32]], "chi2_match": [[12.773931503295898], [17.848217010498047], [26.24811553955078], [32.9935417175293], [35.88618469238281], [30.217872619628906], [30.111766815185547], [38.40077209472656]],